<countrylist>
<country>
<abbr>AF</abbr>
<code>93</code>
<name>Afghanistan</name>
</country>
<country>
<abbr>AX</abbr>
<code>358</code>
<name>Aland Islands</name>
</country>
<country>
<abbr>AL</abbr>
<code>355</code>
<name>Albania</name>
</country>
<country>
<abbr>DZ</abbr>
<code>213</code>
<name>Algeria</name>
</country>
<country>
<abbr>AS</abbr>
<code>168</code>
<name>American Samoa</name>
</country>
<country>
<abbr>AD</abbr>
<code>376</code>
<name>Andorra</name>
</country>
<country>
<abbr>AO</abbr>
<code>244</code>
<name>Angola</name>
</country>
<country>
<abbr>AI</abbr>
<code>264</code>
<name>Anguilla</name>
</country>
<country>
<abbr>AQ</abbr>
<code>167</code>
<name>Antarctica</name>
</country>
<country>
<abbr>AG</abbr>
<code>268</code>
<name>Antigua And Barbuda</name>
</country>
<country>
<abbr>AR</abbr>
<code>54</code>
<name>Argentina</name>
</country>
<country>
<abbr>AM</abbr>
<code>374</code>
<name>Armenia</name>
</country>
<country>
<abbr>AW</abbr>
<code>297</code>
<name>Aruba</name>
</country>
<country>
<abbr>AU</abbr>
<code>61</code>
<name>Australia</name>
</country>
<country>
<abbr>AT</abbr>
<code>43</code>
<name>Austria</name>
</country>
<country>
<abbr>AZ</abbr>
<code>994</code>
<name>Azerbaijan</name>
</country>
<country>
<abbr>BS</abbr>
<code>242</code>
<name>Bahamas</name>
</country>
<country>
<abbr>BH</abbr>
<code>973</code>
<name>Bahrain</name>
</country>
<country>
<abbr>BD</abbr>
<code>880</code>
<name>Bangladesh</name>
</country>
<country>
<abbr>BB</abbr>
<code>246</code>
<name>Barbados</name>
</country>
<country>
<abbr>BY</abbr>
<code>375</code>
<name>Belarus</name>
</country>
<country>
<abbr>BE</abbr>
<code>32</code>
<name>Belgium</name>
</country>
<country>
<abbr>BZ</abbr>
<code>501</code>
<name>Belize</name>
</country>
<country>
<abbr>BJ</abbr>
<code>229</code>
<name>Benin</name>
</country>
<country>
<abbr>BM</abbr>
<code>441</code>
<name>Bermuda</name>
</country>
<country>
<abbr>BT</abbr>
<code>975</code>
<name>Bhutan</name>
</country>
<country>
<abbr>BO</abbr>
<code>591</code>
<name>Bolivia</name>
</country>
<country>
<abbr>BA</abbr>
<code>387</code>
<name>Bosnia And Herzegovina</name>
</country>
<country>
<abbr>BW</abbr>
<code>267</code>
<name>Botswana</name>
</country>
<country>
<abbr>BR</abbr>
<code>55</code>
<name>Brazil</name>
</country>
<country>
<abbr>IO</abbr>
<code>246</code>
<name>British Indian Ocean Territory</name>
</country>
<country>
<abbr>BN</abbr>
<code>673</code>
<name>Brunei Darussalam</name>
</country>
<country>
<abbr>BG</abbr>
<code>359</code>
<name>Bulgaria</name>
</country>
<country>
<abbr>BF</abbr>
<code>226</code>
<name>Burkina Faso</name>
</country>
<country>
<abbr>BI</abbr>
<code>257</code>
<name>Burundi</name>
</country>
<country>
<abbr>KH</abbr>
<code>855</code>
<name>Cambodia</name>
</country>
<country>
<abbr>CM</abbr>
<code>237</code>
<name>nameroon</name>
</country>
<country>
<abbr>CA</abbr>
<code>1</code>
<name>Canada</name>
</country>
<country>
<abbr>CV</abbr>
<code>238</code>
<name>Cape Verde</name>
</country>
<country>
<abbr>KY</abbr>
<code>345</code>
<name>Cayman Islands</name>
</country>
<country>
<abbr>CF</abbr>
<code>236</code>
<name>Central African Republic</name>
</country>
<country>
<abbr>TD</abbr>
<code>235</code>
<name>Chad</name>
</country>
<country>
<abbr>CL</abbr>
<code>56</code>
<name>Chile</name>
</country>
<country>
<abbr>CN</abbr>
<code>86</code>
<name>China</name>
</country>
<country>
<abbr>CX</abbr>
<code>672</code>
<name>Christmas Island</name>
</country>
<country>
<abbr>CC</abbr>
<code>672</code>
<name>Cocos (Keeling) Islands</name>
</country>
<country>
<abbr>CO</abbr>
<code>57</code>
<name>Colombia</name>
</country>
<country>
<abbr>KM</abbr>
<code>269</code>
<name>Comoros</name>
</country>
<country>
<abbr>CG</abbr>
<code>242</code>
<name>Congo</name>
</country>
<country>
<abbr>CK</abbr>
<code>682</code>
<name>Cook Islands</name>
</country>
<country>
<abbr>CR</abbr>
<code>506</code>
<name>Costa Rica</name>
</country>
<country>
<abbr>CI</abbr>
<code>225</code>
<name>Cote D'ivoire</name>
</country>
<country>
<abbr>HR</abbr>
<code>385</code>
<name>Croatia</name>
</country>
<country>
<abbr>CU</abbr>
<code>53</code>
<name>Cuba</name>
</country>
<country>
<abbr>CY</abbr>
<code>357</code>
<name>Cyprus</name>
</country>
<country>
<abbr>CZ</abbr>
<code>420</code>
<name>Czech Republic</name>
</country>
<country>
<abbr>DK</abbr>
<code>45</code>
<name>Denmark</name>
</country>
<country>
<abbr>DJ</abbr>
<code>253</code>
<name>Djibouti</name>
</country>
<country>
<abbr>DM</abbr>
<code>176</code>
<name>Dominica</name>
</country>
<country>
<abbr>DO</abbr>
<code>809</code>
<name>Dominican Republic</name>
</country>
<country>
<abbr>EC</abbr>
<code>593</code>
<name>Ecuador</name>
</country>
<country>
<abbr>EG</abbr>
<code>20</code>
<name>Egypt</name>
</country>
<country>
<abbr>SV</abbr>
<code>503</code>
<name>El Salvador</name>
</country>
<country>
<abbr>GQ</abbr>
<code>240</code>
<name>Equatorial Guinea</name>
</country>
<country>
<abbr>ER</abbr>
<code>291</code>
<name>Eritrea</name>
</country>
<country>
<abbr>EE</abbr>
<code>372</code>
<name>Estonia</name>
</country>
<country>
<abbr>ET</abbr>
<code>251</code>
<name>Ethiopia</name>
</country>
<country>
<abbr>FK</abbr>
<code>500</code>
<name>Falkland Islands (Malvinas)</name>
</country>
<country>
<abbr>FO</abbr>
<code>298</code>
<name>Faroe Islands</name>
</country>
<country>
<abbr>FJ</abbr>
<code>679</code>
<name>Fiji</name>
</country>
<country>
<abbr>FI</abbr>
<code>358</code>
<name>Finland</name>
</country>
<country>
<abbr>FR</abbr>
<code>33</code>
<name>France</name>
</country>
<country>
<abbr>GF</abbr>
<code>594</code>
<name>French Guiana</name>
</country>
<country>
<abbr>PF</abbr>
<code>689</code>
<name>French Polynesia</name>
</country>
<country>
<abbr>TF</abbr>
<code>689</code>
<name>French Southern Territories</name>
</country>
<country>
<abbr>GA</abbr>
<code>241</code>
<name>Gabon</name>
</country>
<country>
<abbr>GM</abbr>
<code>220</code>
<name>Gambia</name>
</country>
<country>
<abbr>GE</abbr>
<code>995</code>
<name>Georgia</name>
</country>
<country>
<abbr>DE</abbr>
<code>49</code>
<name>Germany</name>
</country>
<country>
<abbr>GH</abbr>
<code>233</code>
<name>Ghana</name>
</country>
<country>
<abbr>GI</abbr>
<code>350</code>
<name>Gibraltar</name>
</country>
<country>
<abbr>GR</abbr>
<code>30</code>
<name>Greece</name>
</country>
<country>
<abbr>GL</abbr>
<code>299</code>
<name>Greenland</name>
</country>
<country>
<abbr>GD</abbr>
<code>473</code>
<name>Grenada</name>
</country>
<country>
<abbr>GP</abbr>
<code>590</code>
<name>Guadeloupe</name>
</country>
<country>
<abbr>GU</abbr>
<code>671</code>
<name>Guam</name>
</country>
<country>
<abbr>GT</abbr>
<code>502</code>
<name>Guatemala</name>
</country>
<country>
<abbr>GN</abbr>
<code>224</code>
<name>Guinea</name>
</country>
<country>
<abbr>GW</abbr>
<code>245</code>
<name>Guinea-Bissau</name>
</country>
<country>
<abbr>GY</abbr>
<code>592</code>
<name>Guyana</name>
</country>
<country>
<abbr>HT</abbr>
<code>509</code>
<name>Haiti</name>
</country>
<country>
<abbr>VA</abbr>
<code>39</code>
<name>Holy See (Vatican City State)</name>
</country>
<country>
<abbr>HN</abbr>
<code>503</code>
<name>Honduras</name>
</country>
<country>
<abbr>HK</abbr>
<code>852</code>
<name>Hong Kong</name>
</country>
<country>
<abbr>HU</abbr>
<code>36</code>
<name>Hungary</name>
</country>
<country>
<abbr>IS</abbr>
<code>354</code>
<name>Iceland</name>
</country>
<country>
<abbr>IN</abbr>
<code>91</code>
<name>India</name>
</country>
<country>
<abbr>ID</abbr>
<code>62</code>
<name>Indonesia</name>
</country>
<country>
<abbr>IR</abbr>
<code>98</code>
<name>Iran, Islamic Republic Of</name>
</country>
<country>
<abbr>IQ</abbr>
<code>964</code>
<name>Iraq</name>
</country>
<country>
<abbr>IE</abbr>
<code>353</code>
<name>Ireland</name>
</country>
<country>
<abbr>IL</abbr>
<code>972</code>
<name>Israel</name>
</country>
<country>
<abbr>IT</abbr>
<code>39</code>
<name>Italy</name>
</country>
<country>
<abbr>JM</abbr>
<code>876</code>
<name>Jamaica</name>
</country>
<country>
<abbr>JP</abbr>
<code>81</code>
<name>Japan</name>
</country>
<country>
<abbr>JO</abbr>
<code>962</code>
<name>Jordan</name>
</country>
<country>
<abbr>KZ</abbr>
<code>7</code>
<name>Kazakhstan</name>
</country>
<country>
<abbr>KE</abbr>
<code>254</code>
<name>Kenya</name>
</country>
<country>
<abbr>KI</abbr>
<code>686</code>
<name>Kiribati</name>
</country>
<country>
<abbr>KP</abbr>
<code>82</code>
<name>Korea, Democratic People's Republic Of</name>
</country>
<country>
<abbr>KR</abbr>
<code>82</code>
<name>Korea, Republic Of</name>
</country>
<country>
<abbr>KW</abbr>
<code>965</code>
<name>Kuwait</name>
</country>
<country>
<abbr>KG</abbr>
<code>996</code>
<name>Kyrgyzstan</name>
</country>
<country>
<abbr>LA</abbr>
<code>856</code>
<name>Lao People's Democratic Republic</name>
</country>
<country>
<abbr>LV</abbr>
<code>371</code>
<name>Latvia</name>
</country>
<country>
<abbr>LB</abbr>
<code>961</code>
<name>Lebanon</name>
</country>
<country>
<abbr>LS</abbr>
<code>266</code>
<name>Lesotho</name>
</country>
<country>
<abbr>LR</abbr>
<code>231</code>
<name>Liberia</name>
</country>
<country>
<abbr>LY</abbr>
<code>218</code>
<name>Libyan Arab Jamahiriya</name>
</country>
<country>
<abbr>LI</abbr>
<code>423</code>
<name>Liechtenstein</name>
</country>
<country>
<abbr>LT</abbr>
<code>370</code>
<name>Lithuania</name>
</country>
<country>
<abbr>LU</abbr>
<code>352</code>
<name>Luxembourg</name>
</country>
<country>
<abbr>MO</abbr>
<code>853</code>
<name>Macao</name>
</country>
<country>
<abbr>MK</abbr>
<code>389</code>
<name>Macedonia, The Former Yugoslav Republic Of</name>
</country>
<country>
<abbr>MG</abbr>
<code>261</code>
<name>Madagascar</name>
</country>
<country>
<abbr>MW</abbr>
<code>265</code>
<name>Malawi</name>
</country>
<country>
<abbr>MY</abbr>
<code>60</code>
<name>Malaysia</name>
</country>
<country>
<abbr>MV</abbr>
<code>960</code>
<name>Maldives</name>
</country>
<country>
<abbr>ML</abbr>
<code>223</code>
<name>Mali</name>
</country>
<country>
<abbr>MT</abbr>
<code>356</code>
<name>Malta</name>
</country>
<country>
<abbr>MH</abbr>
<code>692</code>
<name>Marshall Islands</name>
</country>
<country>
<abbr>MQ</abbr>
<code>596</code>
<name>Martinique</name>
</country>
<country>
<abbr>MR</abbr>
<code>222</code>
<name>Mauritania</name>
</country>
<country>
<abbr>MU</abbr>
<code>230</code>
<name>Mauritius</name>
</country>
<country>
<abbr>YT</abbr>
<code>269</code>
<name>Mayotte</name>
</country>
<country>
<abbr>MX</abbr>
<code>52</code>
<name>Mexico</name>
</country>
<country>
<abbr>FM</abbr>
<code>691</code>
<name>Micronesia, Federated States Of</name>
</country>
<country>
<abbr>MD</abbr>
<code>373</code>
<name>Moldova, Republic Of</name>
</country>
<country>
<abbr>MC</abbr>
<code>377</code>
<name>Monaco</name>
</country>
<country>
<abbr>MN</abbr>
<code>976</code>
<name>Mongolia</name>
</country>
<country>
<abbr>MS</abbr>
<code>664</code>
<name>Montserrat</name>
</country>
<country>
<abbr>MA</abbr>
<code>212</code>
<name>Morocco</name>
</country>
<country>
<abbr>MZ</abbr>
<code>258</code>
<name>Mozambique</name>
</country>
<country>
<abbr>MM</abbr>
<code>95</code>
<name>Myanmar</name>
</country>
<country>
<abbr>NA</abbr>
<code>264</code>
<name>Namibia</name>
</country>
<country>
<abbr>NR</abbr>
<code>674</code>
<name>Nauru</name>
</country>
<country>
<abbr>NP</abbr>
<code>977</code>
<name>Nepal</name>
</country>
<country>
<abbr>NL</abbr>
<code>31</code>
<name>Netherlands</name>
</country>
<country>
<abbr>AN</abbr>
<code>599</code>
<name>Netherlands Antilles</name>
</country>
<country>
<abbr>NC</abbr>
<code>687</code>
<name>New Caledonia</name>
</country>
<country>
<abbr>NZ</abbr>
<code>64</code>
<name>New Zealand</name>
</country>
<country>
<abbr>NI</abbr>
<code>505</code>
<name>Nicaragua</name>
</country>
<country>
<abbr>NE</abbr>
<code>227</code>
<name>Niger</name>
</country>
<country>
<abbr>NG</abbr>
<code>234</code>
<name>Nigeria</name>
</country>
<country>
<abbr>NU</abbr>
<code>683</code>
<name>Niue</name>
</country>
<country>
<abbr>NF</abbr>
<code>672</code>
<name>Norfolk Island</name>
</country>
<country>
<abbr>MP</abbr>
<code>167</code>
<name>Northern Mariana Islands</name>
</country>
<country>
<abbr>NO</abbr>
<code>47</code>
<name>Norway</name>
</country>
<country>
<abbr>OM</abbr>
<code>968</code>
<name>Oman</name>
</country>
<country>
<abbr>PK</abbr>
<code>92</code>
<name>Pakistan</name>
</country>
<country>
<abbr>PW</abbr>
<code>680</code>
<name>Palau</name>
</country>
<country>
<abbr>PS</abbr>
<code>970</code>
<name>Palestinian Territory, Occupied</name>
</country>
<country>
<abbr>PA</abbr>
<code>507</code>
<name>Panama</name>
</country>
<country>
<abbr>PG</abbr>
<code>675</code>
<name>Papua New Guinea</name>
</country>
<country>
<abbr>PY</abbr>
<code>595</code>
<name>Paraguay</name>
</country>
<country>
<abbr>PE</abbr>
<code>51</code>
<name>Peru</name>
</country>
<country>
<abbr>PH</abbr>
<code>63</code>
<name>Philippines</name>
</country>
<country>
<abbr>PN</abbr>
<code>672</code>
<name>Pitcairn</name>
</country>
<country>
<abbr>PL</abbr>
<code>48</code>
<name>Poland</name>
</country>
<country>
<abbr>PT</abbr>
<code>351</code>
<name>Portugal</name>
</country>
<country>
<abbr>PR</abbr>
<code>787</code>
<name>Puerto Rico</name>
</country>
<country>
<abbr>QA</abbr>
<code>974</code>
<name>Qatar</name>
</country>
<country>
<abbr>RE</abbr>
<code>262</code>
<name>Reunion</name>
</country>
<country>
<abbr>RO</abbr>
<code>40</code>
<name>Romania</name>
</country>
<country>
<abbr>RU</abbr>
<code>7</code>
<name>Russian Federation</name>
</country>
<country>
<abbr>RW</abbr>
<code>250</code>
<name>Rwanda</name>
</country>
<country>
<abbr>SH</abbr>
<code>290</code>
<name>Saint Helena</name>
</country>
<country>
<abbr>KN</abbr>
<code>186</code>
<name>Saint Kitts And Nevis</name>
</country>
<country>
<abbr>LC</abbr>
<code>175</code>
<name>Saint Lucia</name>
</country>
<country>
<abbr>PM</abbr>
<code>508</code>
<name>Saint Pierre And Miquelon</name>
</country>
<country>
<abbr>VC</abbr>
<code>180</code>
<name>Saint Vincent And The Grenadines</name>
</country>
<country>
<abbr>WS</abbr>
<code>885</code>
<name>Samoa</name>
</country>
<country>
<abbr>SM</abbr>
<code>378</code>
<name>San Marino</name>
</country>
<country>
<abbr>ST</abbr>
<code>239</code>
<name>Sao Tome And Principe</name>
</country>
<country>
<abbr>SA</abbr>
<code>966</code>
<name>Saudi Arabia</name>
</country>
<country>
<abbr>SN</abbr>
<code>221</code>
<name>Senegal</name>
</country>
<country>
<abbr>CS</abbr>
<code>381</code>
<name>Serbia And Montenegro</name>
</country>
<country>
<abbr>SC</abbr>
<code>248</code>
<name>Seychelles</name>
</country>
<country>
<abbr>SL</abbr>
<code>232</code>
<name>Sierra Leone</name>
</country>
<country>
<abbr>SG</abbr>
<code>65</code>
<name>Singapore</name>
</country>
<country>
<abbr>SK</abbr>
<code>421</code>
<name>Slovakia</name>
</country>
<country>
<abbr>SI</abbr>
<code>386</code>
<name>Slovenia</name>
</country>
<country>
<abbr>SB</abbr>
<code>677</code>
<name>Solomon Islands</name>
</country>
<country>
<abbr>SO</abbr>
<code>252</code>
<name>Somalia</name>
</country>
<country>
<abbr>ZA</abbr>
<code>27</code>
<name>South Africa</name>
</country>
<country>
<abbr>ES</abbr>
<code>34</code>
<name>Spain</name>
</country>
<country>
<abbr>LK</abbr>
<code>94</code>
<name>Sri Lanka</name>
</country>
<country>
<abbr>SD</abbr>
<code>249</code>
<name>Sudan</name>
</country>
<country>
<abbr>SR</abbr>
<code>597</code>
<name>Suriname</name>
</country>
<country>
<abbr>SJ</abbr>
<code>47</code>
<name>Svalbard And Jan Mayen</name>
</country>
<country>
<abbr>SZ</abbr>
<code>268</code>
<name>Swaziland</name>
</country>
<country>
<abbr>SE</abbr>
<code>46</code>
<name>Sweden</name>
</country>
<country>
<abbr>CH</abbr>
<code>41</code>
<name>Switzerland</name>
</country>
<country>
<abbr>SY</abbr>
<code>963</code>
<name>Syrian Arab Republic</name>
</country>
<country>
<abbr>TW</abbr>
<code>886</code>
<name>Taiwan, Province Of China</name>
</country>
<country>
<abbr>TJ</abbr>
<code>992</code>
<name>Tajikistan</name>
</country>
<country>
<abbr>TZ</abbr>
<code>255</code>
<name>Tanzania, United Republic Of</name>
</country>
<country>
<abbr>TH</abbr>
<code>66</code>
<name>Thailand</name>
</country>
<country>
<abbr>TL</abbr>
<code>670</code>
<name>Timor-Leste</name>
</country>
<country>
<abbr>TG</abbr>
<code>228</code>
<name>Togo</name>
</country>
<country>
<abbr>TK</abbr>
<code>690</code>
<name>Tokelau</name>
</country>
<country>
<abbr>TO</abbr>
<code>676</code>
<name>Tonga</name>
</country>
<country>
<abbr>TT</abbr>
<code>186</code>
<name>Trinidad And Tobago</name>
</country>
<country>
<abbr>TN</abbr>
<code>216</code>
<name>Tunisia</name>
</country>
<country>
<abbr>TR</abbr>
<code>90</code>
<name>Turkey</name>
</country>
<country>
<abbr>TM</abbr>
<code>993</code>
<name>Turkmenistan</name>
</country>
<country>
<abbr>TC</abbr>
<code>164</code>
<name>Turks And Caicos Islands</name>
</country>
<country>
<abbr>TV</abbr>
<code>688</code>
<name>Tuvalu</name>
</country>
<country>
<abbr>UG</abbr>
<code>256</code>
<name>Uganda</name>
</country>
<country>
<abbr>UA</abbr>
<code>380</code>
<name>Ukraine</name>
</country>
<country>
<abbr>AE</abbr>
<code>971</code>
<name>United Arab Emirates</name>
</country>
<country>
<abbr>GB</abbr>
<code>44</code>
<name>United Kingdom</name>
</country>
<country>
<abbr>US</abbr>
<code>1</code>
<name>United States</name>
</country>
<country>
<abbr>UY</abbr>
<code>598</code>
<name>Uruguay</name>
</country>
<country>
<abbr>UZ</abbr>
<code>998</code>
<name>Uzbekistan</name>
</country>
<country>
<abbr>VU</abbr>
<code>678</code>
<name>Vanuatu</name>
</country>
<country>
<abbr>VE</abbr>
<code>58</code>
<name>Venezuela</name>
</country>
<country>
<abbr>VN</abbr>
<code>84</code>
<name>Vietnam</name>
</country>
<country>
<abbr>VG</abbr>
<code>128</code>
<name>Virgin Islands, British</name>
</country>
<country>
<abbr>VI</abbr>
<code>134</code>
<name>Virgin Islands, U.S.</name>
</country>
<country>
<abbr>WF</abbr>
<code>681</code>
<name>Wallis And Futuna</name>
</country>
<country>
<abbr>EH</abbr>
<code>212</code>
<name>Western Sahara</name>
</country>
<country>
<abbr>YE</abbr>
<code>967</code>
<name>Yemen</name>
</country>
<country>
<abbr>ZM</abbr>
<code>260</code>
<name>Zambia</name>
</country>
<country>
<abbr>ZW</abbr>
<code>263</code>
<name>Zimbabwe</name>
</country>
</countrylist>